{"cameraMode":{"drawMode":0,"name":"Shaded","section":"Shading Mode"},"sceneLighting":false,"audioPlay":false,"sceneViewState":{"m_AlwaysRefresh":false,"showFog":true,"showSkybox":false,"showFlares":true,"showImageEffects":true,"showParticleSystems":true,"showVisualEffectGraphs":true,"m_FxEnabled":true},"in2DMode":false,"pivot":{"x":0.07716767489910126,"y":3.843647003173828,"z":0.009447097778320313},"rotation":{"x":0.0014996507670730353,"y":0.013499317690730095,"z":-0.00002110144851030782,"w":0.9999096989631653},"size":4.800017356872559,"orthographic":false}