{"cameraMode":{"drawMode":0,"name":"Shaded","section":"Shading Mode"},"sceneLighting":false,"audioPlay":false,"sceneViewState":{"m_AlwaysRefresh":false,"showFog":true,"showSkybox":false,"showFlares":true,"showImageEffects":true,"showParticleSystems":true,"showVisualEffectGraphs":true,"m_FxEnabled":true},"in2DMode":false,"pivot":{"x":1.2862927913665772,"y":1.4469859600067139,"z":0.1569969207048416},"rotation":{"x":0.0014996507670730353,"y":0.013499317690730095,"z":-0.00002110144851030782,"w":0.9999096989631653},"size":2.722726821899414,"orthographic":false}