{"cameraMode":{"drawMode":0,"name":"Shaded","section":"Shading Mode"},"sceneLighting":true,"audioPlay":false,"sceneViewState":{"m_AlwaysRefresh":false,"showFog":true,"showSkybox":true,"showFlares":true,"showImageEffects":true,"showParticleSystems":true,"showVisualEffectGraphs":true,"m_FxEnabled":true},"in2DMode":false,"pivot":{"x":3.578822135925293,"y":2.068734645843506,"z":-0.46631431579589846},"rotation":{"x":-0.1092752143740654,"y":0.010740315541625023,"z":-0.0011800463544204832,"w":-0.9939552545547485},"size":20.878286361694337,"orthographic":false}