{"cameraMode":{"drawMode":0,"name":"Shaded","section":"Shading Mode"},"sceneLighting":true,"audioPlay":false,"sceneViewState":{"m_AlwaysRefresh":false,"showFog":true,"showSkybox":true,"showFlares":true,"showImageEffects":true,"showParticleSystems":true,"showVisualEffectGraphs":true,"m_FxEnabled":true},"in2DMode":false,"pivot":{"x":-2.8258612155914308,"y":-0.97233647108078,"z":-2.6524269580841066},"rotation":{"x":0.04743494838476181,"y":-0.9145551919937134,"z":0.38558945059776308,"w":0.11250205338001251},"size":21.756492614746095,"orthographic":true}