{"cameraMode":{"drawMode":0,"name":"Shaded","section":"Shading Mode"},"sceneLighting":false,"audioPlay":false,"sceneViewState":{"m_AlwaysRefresh":false,"showFog":true,"showSkybox":false,"showFlares":true,"showImageEffects":false,"showParticleSystems":true,"showVisualEffectGraphs":true,"m_FxEnabled":true},"in2DMode":false,"pivot":{"x":-1.0390421152114869,"y":1.9859297275543213,"z":0.3173004984855652},"rotation":{"x":0.0005639335140585899,"y":-0.7795844078063965,"z":0.0006990160327404738,"w":0.626299262046814},"size":2.2500343322753908,"orthographic":false}