{"cameraMode":{"drawMode":0,"name":"Shaded","section":"Shading Mode"},"sceneLighting":true,"audioPlay":false,"sceneViewState":{"m_AlwaysRefresh":false,"showFog":true,"showSkybox":true,"showFlares":true,"showImageEffects":true,"showParticleSystems":true,"showVisualEffectGraphs":true,"m_FxEnabled":true},"in2DMode":false,"pivot":{"x":0.4986655116081238,"y":4.623931407928467,"z":13.537904739379883},"rotation":{"x":0.0014996507670730353,"y":0.013499317690730095,"z":-0.00002110144851030782,"w":0.9999096989631653},"size":11.534213066101075,"orthographic":false}