{"cameraMode":{"drawMode":0,"name":"Shaded","section":"Shading Mode"},"sceneLighting":true,"audioPlay":false,"sceneViewState":{"m_AlwaysRefresh":false,"showFog":true,"showSkybox":true,"showFlares":true,"showImageEffects":false,"showParticleSystems":true,"showVisualEffectGraphs":true,"m_FxEnabled":true},"in2DMode":false,"pivot":{"x":-10.543791770935059,"y":-0.856173038482666,"z":-2.078665018081665},"rotation":{"x":0.4516345262527466,"y":-0.030770687386393548,"z":0.01558769028633833,"w":0.8915359377861023},"size":3.3849918842315676,"orthographic":false}