{"cameraMode":{"drawMode":0,"name":"Shaded","section":"Shading Mode"},"sceneLighting":false,"audioPlay":false,"sceneViewState":{"m_AlwaysRefresh":false,"showFog":true,"showSkybox":false,"showFlares":true,"showImageEffects":false,"showParticleSystems":true,"showVisualEffectGraphs":true,"m_FxEnabled":true},"in2DMode":false,"pivot":{"x":2.5916614532470705,"y":1.0437883138656617,"z":1.4251749515533448},"rotation":{"x":0.4516345262527466,"y":-0.030770687386393548,"z":0.01558769028633833,"w":0.8915359377861023},"size":7.75440788269043,"orthographic":false}