{"cameraMode":{"drawMode":0,"name":"Shaded","section":"Shading Mode"},"sceneLighting":false,"audioPlay":false,"sceneViewState":{"m_AlwaysRefresh":false,"showFog":true,"showSkybox":false,"showFlares":true,"showImageEffects":true,"showParticleSystems":true,"showVisualEffectGraphs":true,"m_FxEnabled":true},"in2DMode":false,"pivot":{"x":2.119999885559082,"y":0.5315912961959839,"z":1.1920928955078126e-7},"rotation":{"x":0.0014996507670730353,"y":0.013499317690730095,"z":-0.00002110144851030782,"w":0.9999096989631653},"size":0.9992790222167969,"orthographic":false}