{"cameraMode":{"drawMode":0,"name":"Shaded","section":"Shading Mode"},"sceneLighting":false,"audioPlay":false,"sceneViewState":{"m_AlwaysRefresh":false,"showFog":true,"showSkybox":false,"showFlares":true,"showImageEffects":false,"showParticleSystems":true,"showVisualEffectGraphs":true,"m_FxEnabled":true},"in2DMode":false,"pivot":{"x":-0.03464918211102486,"y":0.4504084885120392,"z":-0.6220089793205261},"rotation":{"x":0.000033643198548816144,"y":0.994566798210144,"z":-0.10420883446931839,"w":0.00029489881126210093},"size":1.441178560256958,"orthographic":false}